level,fecundity,longevity
L,45,20
L,0,11
L,78,35
L,,
L,,
L,,
L,60,29
L,53,26
L,33,23
L,69,28
L,73,36
L,29,21
L,23,17
L,10,12
L,34,23
L,45,23
L,,
L,7,22
L,35,23
L,59,27
L,30,24
L,48,20
L,86,33
L,45,26
L,24,20
L,75,26
L,89,32
L,62,22
L,,
L,35,24
L,,
L,,
L,39,28
M,4,12
M,24,20
M,1,15
M,5,14
M,,
M,13,16
M,23,18
M,9,22
M,53,19
M,37,22
M,35,21
M,26,21
M,5,12
M,26,27
M,11,18
M,11,14
M,,
M,4,13
M,,
M,1,16
M,15,16
M,22,21
M,34,21
M,17,22
M,5,12
M,33,27
M,6,18
M,6,12
M,,
M,6,14
M,12,21
M,17,18
M,23,24
H,10,12
H,20,19
H,10,16
H,9,21
H,,
H,10,20
H,6,23
H,1,21
H,1,16
H,7,18
H,2,12
H,0,11
H,1,12
H,7,15
H,4,17
H,15,17
H,,
H,4,22
H,0,22
H,9,26
H,2,17
H,14,17
H,8,13
H,0,11
H,,
H,0,12
H,3,17
H,,
H,12,18
H,7,16
H,4,24
H,20,19
H,0,16
